MasterCard,5250802192828114
MasterCard,5235718035281016
MasterCard,5387031784865864
MasterCard,5389591199223767
MasterCard,5530220404877286
MasterCard,5410561742762895
MasterCard,5570504479926081
MasterCard,5265915724682180
MasterCard,5563782523785187
MasterCard,5276263884973025
MasterCard,5418326023165461
MasterCard,5346590012659480
MasterCard,5265282041654610
MasterCard,5332412289374162
MasterCard,5519547379760336
MasterCard,5345306815064328
MasterCard,5545045215167061
MasterCard,5488796408922345
MasterCard,5183365754797780
MasterCard,5377051021843252
MasterCard,5119769812803176
MasterCard,5591881715099427
MasterCard,5324219554462303
MasterCard,5262016392081129
MasterCard,5526798772795400
MasterCard,5409037399174505
MasterCard,5176914688824761
MasterCard,5400082432593948
MasterCard,5203541477038787
MasterCard,5264841237997306
MasterCard,5532701969820728
MasterCard,5307687634315645
MasterCard,5537945219953988
MasterCard,5135517439075268
MasterCard,5365711455424606
MasterCard,5558520677631642
MasterCard,5578867713265687
MasterCard,5480485317745132
MasterCard,5431216112085972
MasterCard,5220402383196491
MasterCard,5521299018756251
MasterCard,5523265567916164
MasterCard,5322930296106196
MasterCard,5250069567277513
MasterCard,5475424830323199
MasterCard,5284824207229070
MasterCard,5365405794561489
MasterCard,5315951388405659
MasterCard,5137166045394529
MasterCard,5135553840153832
MasterCard,5447930145916050
MasterCard,5246673360357682
MasterCard,5159283317099836
MasterCard,5168840891498731
MasterCard,5348829355975691
MasterCard,5488020399341203
MasterCard,5229764755937955
MasterCard,5320369451268917
MasterCard,5336923695477734
MasterCard,5576648359656971
MasterCard,5354342413117661
MasterCard,5192858101718201
MasterCard,5101971171305575
MasterCard,5308085229005672
MasterCard,5402460122313140
MasterCard,5272155345360780
MasterCard,5305477125165168
MasterCard,5401586510671540
MasterCard,5259486092554888
MasterCard,5515893811824916
MasterCard,5400750747481799
MasterCard,5501081644616339
MasterCard,5455721258760453
MasterCard,5398679474414570
MasterCard,5304115206739094
MasterCard,5382425717746743
MasterCard,5562257286306183
MasterCard,5472759810738764
MasterCard,5536390531262647
MasterCard,5358508016621954
MasterCard,5311964643830045
MasterCard,5432851585423828
MasterCard,5320277583288788
MasterCard,5208680434845416
MasterCard,5466387900425411
MasterCard,5330164106826799
MasterCard,5428347591227788
MasterCard,5448076752051317
MasterCard,5188354485196616
MasterCard,5350368955268798
MasterCard,5158389552674414
MasterCard,5452239372954996
MasterCard,5494007105806191
MasterCard,5239657907472616
MasterCard,5291185552094688
MasterCard,5247394101604667
MasterCard,5563475494730551
MasterCard,5383681651395793
MasterCard,5221810622520124
MasterCard,5566252348285315