Visa,4024007196874555
Visa,4532888053438484
Visa,4556460712151576
Visa,4916032122532425
Visa,4539965918887726
Visa,4916207329577056
Visa,4527820116284354
Visa,4556200336007469
Visa,4485189942212298
Visa,4916544585807995
Visa,4539953663334227
Visa,4929933506968546
Visa,4929322497671360
Visa,4916084473416047
Visa,4556207041386211
Visa,4024007195878862
Visa,4916544444368650
Visa,4556335945370617
Visa,4485898565439067
Visa,4024007157849505
Visa,4539448745639636
Visa,4539268240066303
Visa,4539444397614118
Visa,4532561222180481
Visa,4024007141124189
Visa,4716266447482591
Visa,4556517676435095
Visa,4485532256686815
Visa,4716013446153793
Visa,4539278375174749
Visa,4024007121976863
Visa,4716494644449045
Visa,4024007186868773
Visa,4556071171608921
Visa,4716032932655608
Visa,4556188104538460
Visa,4716130203833886
Visa,4539332151888715
Visa,4556065596595614
Visa,4532939467595078
Visa,4024007101409141
Visa,4485083429246806
Visa,4916340453963295
Visa,4532836750776938
Visa,4716545604769357
Visa,4485575737409984
Visa,4929191322182285
Visa,4929718260781296
Visa,4556480937530933
Visa,4070523178766398
Visa,4485625254857956
Visa,4485862942537217
Visa,4539651577753942
Visa,4539923314093829
Visa,4716609742897478
Visa,4929435683634370
Visa,4485649804739795
Visa,4539427965876722
Visa,4024007136431052
Visa,4532447853016329
Visa,4716284439186559
Visa,4716995109528883
Visa,4716047868675735
Visa,4716085432710976
Visa,4539826516185196
Visa,4929969231019866
Visa,4485269734802041
Visa,4024007121503238
Visa,4556842915903764
Visa,4539507586131886
Visa,4916974772631694
Visa,4485944264391934
Visa,4929901429049165
Visa,4716288041218114
Visa,4539270486257968
Visa,4929938446246796
Visa,4532642802939445
Visa,4916521893444315
Visa,4024007141230168
Visa,4556629655749188
Visa,4532227501704173
Visa,4556683338560223
Visa,4532676520796695
Visa,4024007137846720
Visa,4539356978259867
Visa,4539519926429300
Visa,4716504293050280
Visa,4485293615974174
Visa,4532074813661927
Visa,4916370789252139
Visa,4097102550366041
Visa,4024007181440941
Visa,4718038290044192
Visa,4532373200262913
Visa,4916891711102357
Visa,4556602775291795
Visa,4556271030876822
Visa,4532448462196064
Visa,4485253571562298
Visa,4716541703269944